priority,issue,product_title,handle,inventory,image_count,largest_px
P0,no_image,Alocasia Portei Aurea Variegated,alocasia-portei-aurea-variegated-pre-order,20,0,0
P0,no_image,Alocasia Macrorrhiza Albo Variegated,alocasia-macrorrhiza-albo-variegated-pre-order,20,0,0
P0,no_image,Alocasia Black Stem Variegated,alocasia-black-stem-variegated-pre-order,20,0,0
P0,no_image,Alocasia Brancifolia Aurea Variegated,alocasia-brancifolia-aurea-variegated-pre-order,20,0,0
P0,no_image,Anthurium DocBlock Red Crystallinum Michelle F2,anthurium-docblock-red-crystallinum-michelle-f2-pre-order,20,0,0
P0,no_image,Tissue Culture Starter Kit,tissue-culture-starter-kit,-70,0,0
P1,low_res,Alocasia Cucullata Albo Variegated,alocasia-cucullata-albo-variegated-pre-order,20,1,186
P1,low_res,Alocasia Portora Albo Variegated,alocasia-portora-albo-variegated-pre-order,20,1,186
P1,low_res,Alocasia Puber Aurea Variegated,alocasia-puber-aurea-variegated-pre-order,19,1,186
P1,low_res,Philodendron Yellow Congo Variegated,philodendron-yellow-congo-variegated-pre-order,20,1,186
P1,low_res,Anthurium Bonplandii Narrow Mix Variegated,anthurium-bonplandii-narrow-mix-variegated-pre-order,20,1,186
P1,low_res,Anthurium SKG Red Crystallinum X Tezula Red Crystallinum,anthurium-skg-red-crystallinum-x-tezula-red-crystallinum-pre-order,20,1,189
P1,low_res,Philodendron White Knight Gouache Pink Variegated,philodendron-white-knight-gouache-pink-variegated-pre-order,20,2,192
P1,low_res,Anthurium Pallidiflorum,anthurium-pallidiflorum-pre-order,20,2,192
P1,low_res,Philodendron Callosum,philodendron-callosum-pre-order,20,2,193
P1,low_res,Alocasia Infernalis Aurea Variegated,alocasia-infernalis-aurea-variegated-pre-order,20,2,200
P1,low_res,Anthurium Ace of Spades X Luxurians,anthurium-ace-of-spades-x-luxurians-pre-order,20,2,211
P1,low_res,Anthurium Bonplandii Narrow Albo Variegated,anthurium-bonplandii-narrow-albo-variegated-pre-order,20,1,212
P1,low_res,Alocasia Scalprum Albo Variegated,alocasia-scalprum-albo-variegated-pre-order,20,2,214
P1,low_res,Alocasia Odora Silver Aurea Variegated,alocasia-odora-silver-aurea-variegated-pre-order,20,2,219
P1,low_res,Alocasia Pseudo Sanderiana Aurea Variegated,alocasia-pseudo-sanderiana-aurea-variegated-pre-order,20,2,219
P1,low_res,Alocasia Watsoniana Doff Pink Variegated,alocasia-watsoniana-doff-pink-variegated-pre-order,20,2,219
P1,low_res,Alocasia Yucatan Princess Pink Variegated,alocasia-yucatan-princess-pink-variegated-pre-order,20,2,219
P1,low_res,Alocasia Shock Treatment Aurea Variegated,alocasia-shock-treatment-aurea-variegated-pre-order,20,2,219
P1,low_res,Alocasia Watsoniana Glossy Pink Variegated,alocasia-watsoniana-glossy-pink-variegated-pre-order,20,2,219
P1,low_res,Philodendron Pinnatifidum Olympiad Albo Variegated,philodendron-pinnatifidum-olympiad-albo-variegated-pre-order,20,2,219
P1,low_res,Anthurium Queen Of Hearts,anthurium-queen-of-hearts-pre-order,20,2,219
P1,low_res,Alocasia Dragon Breath Aurea Variegated,alocasia-dragon-breath-aurea-variegated-pre-order,20,2,221
P1,low_res,Alocasia Silver Dragon Albo Variegated,alocasia-silver-dragon-albo-variegated-pre-order,20,2,222
P1,low_res,Anthurium Forgetii Variegated,anthurium-forgetii-variegated-pre-order,20,2,222
P1,low_res,Anthurium KOS Hybrid x Crystallinum Crackin Veins,anthurium-kos-hybrid-x-crystallinum-crackin-veins-pre-order,20,2,232
P1,low_res,Anthurium AOS X Papi Variegated,anthurium-aos-x-papi-variegated-pre-order,20,1,238
P1,low_res,Alocasia Plumbea Flying Squid,alocasia-plumbea-flying-squid-pre-order,20,2,240
P1,low_res,Anthurium Vittarifolium Variegated,anthurium-vittarifolium-variegated-pre-order,20,2,250
P1,low_res,Alocasia Nobilis Aurea Variegated,alocasia-nobilis-aurea-variegated-pre-order,20,2,251
P1,low_res,Alocasia Longiloba Suhirmaniana Aurea Variegated,alocasia-longiloba-suhirmaniana-aurea-variegated-pre-order,20,2,252
P1,low_res,Alocasia Polly Lava Variegated,alocasia-polly-lava-variegated-pre-order,20,1,256
P1,low_res,Alocasia Black Velvet Snowflake Pink Variegated,alocasia-black-velvet-snowflake-pink-variegated-pre-order,20,1,256
P1,low_res,Alocasia Golden Bone Mint Variegated,alocasia-golden-bone-mint-variegated-pre-order,20,2,262
P1,low_res,Anthurium Red Crystallinum X Dorayaki,anthurium-red-crystallinum-x-dorayaki-pre-order,20,2,266
P1,low_res,Anthurium Sp Napo,anthurium-sp-napo-pre-order,20,2,270
P1,low_res,Alocasia Regal Shields Albo Variegated,alocasia-regal-shields-albo-variegated-pre-order,20,2,276
P1,low_res,Anthurium David Portilla Dreams,anthurium-david-portilla-dreams-pre-order,20,2,277
P1,low_res,Alocasia Watsoniana Doff Albo Variegated,alocasia-watsoniana-doff-albo-variegated-pre-order,20,2,290
P1,low_res,Philodendron Lynamii,philodendron-lynamii-pre-order,20,2,294
P1,low_res,Alocasia Cuprea Aurea Variegated Latte,alocasia-cuprea-aurea-variegated-latte-pre-order,20,2,301
P1,low_res,Anthurium Crystallinum X Dorayaki,anthurium-crystallinum-x-dorayaki-pre-order,20,1,310
P1,low_res,Philodendron White Knight Tricolor Variegated,philodendron-white-knight-tricolor-variegated-pre-order,20,1,311
P1,low_res,Anthurium Clarinervium × Dorayaki,anthurium-clarinervium-dorayaki-pre-order,20,1,313
P1,low_res,Anthurium King of Clarinervium X Silver Tiger,anthurium-king-of-clarinervium-x-silver-tiger-pre-order,20,2,317
P1,low_res,Alocasia Olanii,alocasia-olanii-pre-order,20,2,319
P1,low_res,Anthurium Delta Force,anthurium-delta-force-pre-order,20,2,319
P1,low_res,Alocasia Nairobi Nights Camouflage Tricolor Variegated,alocasia-nairobi-nights-camouflage-tricolor-variegated-pre-order,20,2,320
P1,low_res,Alocasia Polly Stardust Lava Variegated,alocasia-polly-stardust-lava-variegated-pre-order,20,1,320
P1,low_res,Alocasia Longiloba Sp. Aurea Variegated,alocasia-longiloba-sp-aurea-variegated-pre-order,20,2,320
P1,low_res,Anthurium Forgetii,anthurium-forgetii-pre-order,20,1,320
P1,low_res,Anthurium Papillilaminum,anthurium-papillilaminum-pre-order,20,2,321
P1,low_res,Alocasia Bisma Platinum Albo Variegated,alocasia-bisma-platinum-albo-variegated-pre-order,20,1,328
P1,low_res,Alocasia Bambino Pink Lava Variegated,alocasia-bambino-pink-lava-variegated-pre-order,20,2,329
P1,low_res,Alocasia Cucullata Mint Variegated,alocasia-cucullata-mint-variegated-pre-order,20,2,329
P1,low_res,Alocasia Dragon Scale Albo Ultra Variegated,alocasia-dragon-scale-albo-ultra-variegated-pre-order,21,2,329
P1,low_res,Alocasia Freckle Ninja Variegated,alocasia-freckle-ninja-variegated-pre-order,20,2,329
P1,low_res,Philodendron Sunspot,philodendron-sunspot-pre-order,20,1,329
P1,low_res,Anthurium Black Magic (Black Velvet X AOS),anthurium-black-magic-black-velvet-x-aos-pre-order,20,2,329
P1,low_res,Alocasia Macrorrhizos Aurea Variegated,alocasia-macrorrhizos-aurea-variegated-pre-order,19,2,330
P1,low_res,Philodendron Green Lemon,philodendron-green-lemon-pre-order,20,2,330
P1,low_res,Anthurium Manta Ray X Dark Phoenix,anthurium-manta-ray-x-dark-phoenix-pre-order,20,2,330
P1,low_res,Alocasia Ninja Aurea Variegated,alocasia-ninja-aurea-variegated-pre-order,20,2,331
P1,low_res,Alocasia Scalprum Mint Variegated,alocasia-scalprum-mint-variegated-pre-order,20,2,331
P1,low_res,Alocasia Nebula Mint Variegated,alocasia-nebula-mint-variegated-pre-order,20,2,331
P1,low_res,Anthurium Magnificum x Forgetii Variegated,anthurium-magnificum-x-forgetii-variegated-pre-order,20,2,331
P1,low_res,Anthurium Tezula Red Crystallinum x Starlight,anthurium-tezula-red-crystallinum-x-starlight-pre-order,20,1,331
P1,low_res,Alocasia Green Bambino Albo Variegated,alocasia-green-bambino-albo-variegated-pre-order,19,2,332
P1,low_res,Alocasia Polly Ghost Mint Variegated,alocasia-polly-ghost-mint-variegated-pre-order,19,2,332
P1,low_res,Alocasia Sabrina Narrow Mint Variegated,alocasia-sabrina-narrow-mint-variegated-pre-order,20,2,332
P1,low_res,Alocasia Polly Aurea Variegated,alocasia-polly-aurea-variegated-pre-order,20,2,332
P1,low_res,Alocasia Polly Mint Variegated,alocasia-polly-mint-variegated-pre-order,19,1,332
P1,low_res,Alocasia Shattered Glass,alocasia-shattered-glass-pre-order,19,2,332
P1,low_res,Anthurium Black Velvet,anthurium-black-velvet-pre-order,20,1,332
P1,low_res,Anthurium Bonplandii Narrow Pink Variegated,anthurium-bonplandii-narrow-pink-variegated-pre-order,20,2,332
P1,low_res,Anthurium Luxurians Aurea Variegated,anthurium-luxurians-aurea-variegated-pre-order,20,2,332
P1,low_res,Anthurium Ace of Spades,anthurium-ace-of-spades-pre-order,20,2,333
P1,low_res,Anthurium Magnificum x Crystallinum Dark Form Variegated,anthurium-magnificum-x-crystallinum-dark-form-variegated-pre-order,20,2,334
P1,low_res,Anthurium Luxurians,anthurium-luxurians-pre-order,20,2,337
P1,low_res,Anthurium Red Crystallinum × Wonderboy,anthurium-red-crystallinum-wonderboy-pre-order,20,2,344
P1,low_res,Anthurium Red Crystallinum × Michelle,anthurium-red-crystallinum-michelle-pre-order,20,2,346
P1,low_res,Alocasia Nairobi Nights Variegated A Grade,alocasia-nairobi-nights-variegated-a-grade-pre-order,20,2,347
P1,low_res,Anthurium Vittarifolium,anthurium-vittarifolium-pre-order,20,2,352
P1,low_res,Alocasia Watsoniana Glossy Aurea Variegated,alocasia-watsoniana-glossy-aurea-variegated-pre-order,20,2,356
P1,low_res,Alocasia Heterophylla Metallic Blue Aurea Variegated,alocasia-heterophylla-metallic-blue-aurea-variegated-pre-order,20,2,358
P1,low_res,Alocasia Maharani Gold Variegated,alocasia-maharani-gold-variegated-pre-order,20,2,361
P1,low_res,Anthurium Clarinervium Variegated,anthurium-clarinervium-variegated-pre-order,20,2,362
P1,low_res,Anthurium Dark Phoenix Mint Variegated,anthurium-dark-phoenix-mint-variegated-pre-order,20,2,364
P2,under_1200px,Monstera Obliqua Peru,monstera-obliqua-peru,0,4,1024
P2,under_1200px,Philodendron Florida Beauty,philodendron-florida-beauty,1,2,1024
